{"cameraMode":{"drawMode":0,"name":"Shaded","section":"Shading Mode"},"sceneLighting":true,"audioPlay":false,"sceneViewState":{"showFog":true,"showMaterialUpdate":false,"showSkybox":true,"showFlares":true,"showImageEffects":true,"showParticleSystems":true,"showVisualEffectGraphs":true,"m_FxEnabled":true},"in2DMode":false,"pivot":{"x":-2.8500001430511476,"y":-2.549999952316284,"z":-2.862884998321533},"rotation":{"x":-0.0006993173155933619,"y":0.9988633394241333,"z":-0.04497953876852989,"w":-0.015585025772452355},"size":1.9132399559020997,"orthographic":false}